CDR3,BERT_PLL_Score,Status
TKDDINLCWWSW,-3.1323992013931274,Ranked
GHVKETRAEGSLDYP,-3.1633933067321776,Ranked
FGARRSETHFFQAN,-3.164917196546282,Ranked
TWMATDWYYKDNMK,-3.2441161360059465,Ranked
IKGTDLKDTC,-3.2442960262298586,Ranked
SRIYHQAWKRRPMNT,-3.2446249802907308,Ranked
PQIISCRDYHHCPG,-3.2793702142579213,Ranked
QDVDNVGTSTALPRAE,-3.283650353550911,Ranked
LSKAAPKYWGIML,-3.285354889356173,Ranked
DQKTTGTARDTEDFPVARW,-3.2999337033221594,Ranked
GHMRMECKKHRAFDQFTS,-3.3205513424343533,Ranked
PIHMKCRWGCCW,-3.3210606376330056,Ranked
CLGFMKPSEPWGELISLNM,-3.324237083133898,Ranked
QHNRKGKHHR,-3.326981854438782,Ranked
LHWYSQTRLCANRE,-3.33159943989345,Ranked
RLESVFMMMD,-3.3400570869445803,Ranked
IYCKCTIRFQRKLFN,-3.349306917190552,Ranked
CPFDMRGLDRFF,-3.3555140693982444,Ranked
HRNFRLRYGY,-3.36212614774704,Ranked
PRKFEGYRVESLGALACMY,-3.364988000769364,Ranked
PVCTDSQWLESLETFVK,-3.367860261131735,Ranked
PDGSFRQCFLSNIHCPV,-3.3706568549661076,Ranked
CDPCWMRNPSSLDGSDCKEP,-3.37270165681839,Ranked
RKLQYFTFKHLMR,-3.3737602967482347,Ranked
QIHMSWEVTSPHEYWIP,-3.378354507334092,Ranked
GRQPGTSCCWA,-3.3815679333426734,Ranked
LWTPEKMAVGHWYLRFCLW,-3.384163630636115,Ranked
HGHLERVQQR,-3.397066903114319,Ranked
LIAYWKYDIQHKCKDPYQW,-3.3989537389654862,Ranked
AHECIKACGEQGHTPFMVE,-3.4040517305072986,Ranked
CELRNMPLATCQSTWAVDKP,-3.4063259184360506,Ranked
GVDWCTVVPNDV,-3.4117338061332703,Ranked
CQRWQKRKTMR,-3.417180668223988,Ranked
EIGSYCKMFCR,-3.419228185306896,Ranked
MWMDCTMYKENL,-3.4199742674827576,Ranked
HDFYDWTHWSA,-3.4238122810016978,Ranked
RDRTQCYSSDY,-3.4319839911027388,Ranked
AYDKYLIQYLEMKLHEEP,-3.4452097415924072,Ranked
HNVLGYHPVPK,-3.4473044222051445,Ranked
MNFDLMQVESLHCSTTASGI,-3.450570857524872,Ranked
LNKHHMEMEQ,-3.4557378768920897,Ranked
DWLATAHCHNE,-3.456175760789351,Ranked
VQAKYGAYIINM,-3.4609665671984353,Ranked
PIMHNHSLGMSHHAWY,-3.4651542603969574,Ranked
QAKTQVINKDHNIYSFHF,-3.470843036969503,Ranked
EYPIMVWFMCVPKRQWIDE,-3.4722830119885897,Ranked
ETVPCHDRLHTWLFCH,-3.4750548899173737,Ranked
YTYSGTSHLESSYMDMKG,-3.4865637156698437,Ranked
TYTKWETGPDCFE,-3.49203452697167,Ranked
VYHQYSDWVLGSFVHVRY,-3.4951238102383084,Ranked
VNAKHWCVLR,-3.4953088760375977,Ranked
DLWDYWRIRYSGNKCGN,-3.4976640028112076,Ranked
HCTGLPWNYCNPL,-3.5045905846815844,Ranked
TDWPRVEDMQVA,-3.5060163935025535,Ranked
QSVCQEGVWNE,-3.5157382921739058,Ranked
PDFCITWKCHEEDDLYQQE,-3.5339419214349044,Ranked
RQMHNCWSTCCR,-3.536858022212982,Ranked
QIYWTEFTDH,-3.5392929792404173,Ranked
SMSPDIYTAIETMQ,-3.5422403642109463,Ranked
LKSGGPPYVTT,-3.5475246256048028,Ranked
TGRKPGTYAWDEH,-3.5591032688434305,Ranked
WCIWHHKHCGGCLPEGK,-3.5697058649624096,Ranked
QADHKQYAHDCVWVDNTF,-3.5729264285829334,Ranked
NIRHCSAQWYPN,-3.573229114214579,Ranked
CMRRTEGIKND,-3.573596629229459,Ranked
WHIHEVAYECNANNK,-3.5771520455678303,Ranked
LNDHNECYST,-3.586312007904053,Ranked
PNKGESVQLI,-3.594864296913147,Ranked
WAFLNCVMHHMEGRVQRGN,-3.5960444149218107,Ranked
EGELTREAFQDY,-3.612130423386892,Ranked
RSAANLKSACWI,-3.631566325823466,Ranked
FNAETLNVREGG,-3.6492910385131836,Ranked
DRDCEPYSLSRAT,-3.6560715712033787,Ranked
DMSREILQQVVP,-3.665749967098236,Ranked
GYGWKQMAGKCNNWWNARA,-3.6759183155862907,Ranked
YFMYMKQFWVPFMFGWLH,-3.683453189002143,Ranked
HIRPEQNHRMLGTDVRIVW,-3.6851724699923865,Ranked
LPKQKEAAVN,-3.738320159912109,Ranked
STFAVWMLEGHLHGN,-3.749150848388672,Ranked
FDCYVAQEEMDCRTRHT,-3.767778985640582,Ranked
SCVFMTWRDNPI,-3.8076316515604653,Ranked
SFVCAMMEFPNTN,-3.830996348307683,Ranked
RVPVDKLTQYP,-3.8373129801316694,Ranked
ENLVEGQSYSA,-3.862678116018122,Ranked
FMRPHTWGDFCGTWIL,-3.8640474677085876,Ranked
