CDR3,BERT_PLL_Score
WPCASHILWREWLAPMGWC,-4.009121129387303
WMTELPESYTCEQRWGSMSAC,-4.1384997963905334
WVISNPCENPYCKDRVSGRVYAC,-4.1892218848933345
WQLNPQVWWGNAERGYKMTFPIC,-4.256043548169344
WCFVNWKGINDRRERQQTKVLITC,-4.3052409042914705
WDDLILLRKCFHIGDRHC,-4.307163662380642
WKTGQLCSVMMDIMKGRQPHLC,-4.307563727552241
WIVQVGPGDRCTRVAQTSC,-4.39145271244802
WYWLSAPWALAGQKLTQMLC,-4.396075792610645
WPKCKDELCAKISEHLKMRC,-4.449308001995087
WMRKQSICEEAEELQCQDRVFC,-4.474488831379197
WYALSQHLSDEAFVHTSHPC,-4.49118686914444
WTDWTARLPFYEEVMSWDQC,-4.49152090549469
WCSRWCAPPVKEHVCDLAPYTC,-4.50271059725095
WIPCKVRQPDRWRPRAYMRLFNC,-4.514342847077743
WQTGCDLREHYICKNHPTEIC,-4.522846470276515
WGHEASCQAQTDNKLSEVMEFC,-4.538434695113789
WCGEHGLMFRGPKSCHDRRGFC,-4.555159801786596
WQSHYYVSSPGYGGDRVIPNCENC,-4.5571113129456835
WYILTLEREYTKLLCNDWAVVQRC,-4.572401091456413
WAQLYWFSDYVWICSLSARC,-4.583931005001068
WIVTHMTSTSHHSHFNNHVNLMC,-4.584543099626899
WWVKRLISAVGHDSAPITPKC,-4.593240215664818
WEKPGTVKAGQEHYCHEQMC,-4.599791170656681
WWRIMLQGVRFMLDYRPC,-4.605136371321148
WDRRSWWLSLHGGSDILNIC,-4.611176405847073
WFKEHVYKLYSWSLGPQC,-4.614024957021077
WDAVFLDNVNVFSKNWRAMSAC,-4.654655499891802
WPSLHFDEHEEFVRLFDFPCPC,-4.6575516137209805
WIQHPQETLFGWKSFVAWC,-4.659712760072005
WFDVEEHGYLGKTFEHVERHLECC,-4.669601688782374
WPNLAICQEFWVCKRDFWKC,-4.6969126760959625
WMDTYYLKYIPYASSIMDDWLHTC,-4.703267715871334
WIRAWHAETEEFRQTSVQCCQAC,-4.703372711720674
WVKGTTENFCWYIEFACCASAC,-4.724693729118868
WIWRPSSHASFDSSQWMLKC,-4.7304135948419574
WEWSRKTMLNCDSAQLPDHQIKC,-4.731394162644511
WRAWECAKEGQTVSMMFNFGIC,-4.742277898571708
WFICPEKRTQGAACENYHWHC,-4.762339012963431
WRWEICPCIQREKFMVYRC,-4.774529519834016
WCRCGYSHKAEVGWEGFEC,-4.781687592205248
WSSKGWIVTEDFWIECMSTC,-4.796302223205567
WELSRQPRGWSIANMLQVPWRDGC,-4.800791720549266
WQIVPKAQYGEDYLHKQCCMFIHC,-4.810707335670789
WVGIEHHTPAIGQHPYWGQQCEC,-4.828794054363085
WWTNAKKAFQKEIAMDLHC,-4.834192244630111
WEWNMHPEALFTDHCMGYMHC,-4.843506086440313
WLFRKPTEQTTQDYPPQGAPYC,-4.85119925845753
WNIRFSCVLQIERGRWCTIC,-4.900133138895034
WNCDCSWQKSMSLRKPKYIC,-4.9051412582397464
WWGPIGYPDWERRTVMDC,-4.9071493943532305
WNCYQRVITVWECAYVMPC,-4.927255329332854
WVEAIRRCQGSMQLNMIC,-4.935594252621134
WEVPTVTTMWRKEDQAAC,-4.944245802031623
WWMTCYLATYGWHQARHC,-4.970684968762928
WKMAGVMWQEPEVVEIYSAQC,-4.989625113351004
WGCCGQDMQTPHAEYEHCPIPEYC,-5.0022606030106544
WGTCSDFQKAGKGNPTAYSWC,-5.032096630051022
WGFKHSGFVVPDFGEFWC,-5.033642795350817
WHGMFFLQKNWYGMNRMWQTSYQC,-5.038489451011022
WFQQQPVTCCVMQWWICQPGTC,-5.047820236195218
WDIWEDIMREKPMEFRKKC,-5.053461043458236
WHMSSITQCVFGVRFQVGWQC,-5.0848452761059715
WYAMQQFHQIWQSPVVTHNMNC,-5.098159573294899
WQEALFDDKPVWTIVFPC,-5.102527962790595
WHWKYEPHDQHYNAEEKGVIRMC,-5.112259849258091
WLACHLASENPFDNMTIPNMYCHC,-5.119657784700394
WKWGPISYENINAINAKKC,-5.131796297274138
WNWMYMLGWFKHIGRFACC,-5.143434066521494
WPECYMYQPCYVYQMPQVPTFC,-5.149103273044933
WYDWAKEYVPAGQQECWGC,-5.154722163551732
WMTPTMQKPEEMWCNLFC,-5.181616789764828
WGGEGPPVKNMDFARWYNC,-5.190245277003238
WIQQENNYLKCTKNLLHQHC,-5.193410819768905
WWALQSYHLYWGWCAACPFWFMC,-5.205842437951461
WFSDKDSSGNVRMTECEC,-5.208345323801041
WQHEWVRPSCLCTYGAWKGC,-5.215029364824295
WFWKAFKSGLMTNMHNCSLKWC,-5.23314199664376
WLNQAEWWWKLMPKMFWC,-5.23558082845476
WFVQQIYYVDSEGISKVMRC,-5.24880376458168
WRDVPNDIEYVGVTGLLPC,-5.2628385173647025
WSQFPWGCHAIAIYIHEC,-5.262846926848094
WYYTHQFMIVRSIVAEDPYC,-5.265814650058746
WDKIPGELMWEQVGFYYLC,-5.321872610794871
WRVRWPMRTHGIVYCCRC,-5.438787235154046
WTNWQFYYQNAVLNKFWLC,-5.441193555530749
WQFDVNIFEGVNQRMMNPC,-5.551407387382106
WLDCLDLHKYAVIYHWTKHVC,-5.6244042827969505
WNAEWHYGSWMFVVLQHMWECCEC,-5.62893941005071
WDLSYMKFQFFDFFEYWC,-5.767635833885935
